{"cameraMode":{"drawMode":0,"name":"Shaded","section":"Shading Mode"},"sceneLighting":false,"audioPlay":false,"sceneViewState":{"showFog":true,"showMaterialUpdate":false,"showSkybox":false,"showFlares":true,"showImageEffects":true,"showParticleSystems":true},"in2DMode":false,"pivot":{"x":1.130649209022522,"y":0.9805521368980408,"z":-0.31133827567100527},"rotation":{"x":0.1370280236005783,"y":0.42192721366882326,"z":-0.06467662006616593,"w":0.8938866853713989},"size":0.19132587313652039,"orthographic":false}