{"cameraMode":{"drawMode":0,"name":"Shaded","section":"Shading Mode"},"sceneLighting":false,"audioPlay":false,"sceneViewState":{"showFog":true,"showMaterialUpdate":false,"showSkybox":false,"showFlares":true,"showImageEffects":true,"showParticleSystems":true},"in2DMode":false,"pivot":{"x":-5.960464477539063e-8,"y":2.0,"z":0.20545972883701325},"rotation":{"x":-0.20734308660030366,"y":-0.1614525020122528,"z":0.034718457609415057,"w":-0.9642295837402344},"size":1.413628101348877,"orthographic":false}