{"cameraMode":{"drawMode":0,"name":"Shaded","section":"Shading Mode"},"sceneLighting":false,"audioPlay":false,"sceneViewState":{"showFog":true,"showMaterialUpdate":false,"showSkybox":false,"showFlares":true,"showImageEffects":true,"showParticleSystems":true},"in2DMode":false,"pivot":{"x":443.47576904296877,"y":7.527704238891602,"z":4.258361339569092},"rotation":{"x":0.16719737648963929,"y":0.060912907123565677,"z":-0.010349294170737267,"w":0.9839956760406494},"size":0.5739745497703552,"orthographic":false}