{"cameraMode":{"drawMode":0,"name":"Shaded","section":"Shading Mode"},"sceneLighting":false,"audioPlay":false,"sceneViewState":{"showFog":true,"showMaterialUpdate":false,"showSkybox":false,"showFlares":true,"showImageEffects":true,"showParticleSystems":true},"in2DMode":false,"pivot":{"x":-5.960464477539063e-8,"y":2.0,"z":0.20545972883701325},"rotation":{"x":0.08862587064504624,"y":0.5158308148384094,"z":-0.053706202656030658,"w":0.8504689335823059},"size":1.413628101348877,"orthographic":false}